{
  "Total" : {
    "transaction" : "Total",
    "sampleCount" : 400,
    "errorCount" : 0,
    "errorPct" : 0.0,
    "meanResTime" : 2973.9524999999994,
    "minResTime" : 1487.0,
    "maxResTime" : 6167.0,
    "pct1ResTime" : 4233.800000000001,
    "pct2ResTime" : 4640.05,
    "pct3ResTime" : 5346.6500000000015,
    "throughput" : 11.648562858557325,
    "receivedKBytesPerSec" : 1696.1086747211625,
    "sentKBytesPerSec" : 2.5993130988089344
  },
  "Category Drill down" : {
    "transaction" : "Category Drill down",
    "sampleCount" : 100,
    "errorCount" : 0,
    "errorPct" : 0.0,
    "meanResTime" : 2266.590000000001,
    "minResTime" : 1487.0,
    "maxResTime" : 4389.0,
    "pct1ResTime" : 3239.7000000000003,
    "pct2ResTime" : 3553.7499999999986,
    "pct3ResTime" : 4386.979999999999,
    "throughput" : 3.8812342324859306,
    "receivedKBytesPerSec" : 423.5737980302736,
    "sentKBytesPerSec" : 0.6936190083446536
  },
  "Item Details" : {
    "transaction" : "Item Details",
    "sampleCount" : 100,
    "errorCount" : 0,
    "errorPct" : 0.0,
    "meanResTime" : 3865.1300000000006,
    "minResTime" : 2704.0,
    "maxResTime" : 5419.0,
    "pct1ResTime" : 4749.6,
    "pct2ResTime" : 5149.25,
    "pct3ResTime" : 5416.939999999999,
    "throughput" : 3.614283648980772,
    "receivedKBytesPerSec" : 792.6646419148475,
    "sentKBytesPerSec" : 0.8435681563539107
  },
  "View Items" : {
    "transaction" : "View Items",
    "sampleCount" : 100,
    "errorCount" : 0,
    "errorPct" : 0.0,
    "meanResTime" : 3130.249999999999,
    "minResTime" : 1846.0,
    "maxResTime" : 6167.0,
    "pct1ResTime" : 4330.400000000001,
    "pct2ResTime" : 4644.599999999999,
    "pct3ResTime" : 6165.2699999999995,
    "throughput" : 3.6621987841500037,
    "receivedKBytesPerSec" : 512.4860950889914,
    "sentKBytesPerSec" : 0.8440223760345711
  },
  "Compare Item" : {
    "transaction" : "Compare Item",
    "sampleCount" : 100,
    "errorCount" : 0,
    "errorPct" : 0.0,
    "meanResTime" : 2633.84,
    "minResTime" : 1821.0,
    "maxResTime" : 4837.0,
    "pct1ResTime" : 3574.2000000000007,
    "pct2ResTime" : 4138.399999999996,
    "pct3ResTime" : 4835.049999999999,
    "throughput" : 3.9138943248532287,
    "receivedKBytesPerSec" : 446.33683953033267,
    "sentKBytesPerSec" : 0.9784735812133072
  }
}