{
  "Total" : {
    "transaction" : "Total",
    "sampleCount" : 400,
    "errorCount" : 0,
    "errorPct" : 0.0,
    "meanResTime" : 5148.437500000001,
    "minResTime" : 1912.0,
    "maxResTime" : 15645.0,
    "pct1ResTime" : 8480.8,
    "pct2ResTime" : 9178.75,
    "pct3ResTime" : 13206.310000000001,
    "throughput" : 10.841871306987587,
    "receivedKBytesPerSec" : 1578.648988487288,
    "sentKBytesPerSec" : 2.4193042906705697
  },
  "Category Drill down" : {
    "transaction" : "Category Drill down",
    "sampleCount" : 100,
    "errorCount" : 0,
    "errorPct" : 0.0,
    "meanResTime" : 3913.399999999999,
    "minResTime" : 1912.0,
    "maxResTime" : 9428.0,
    "pct1ResTime" : 6215.400000000002,
    "pct2ResTime" : 7418.049999999993,
    "pct3ResTime" : 9418.919999999995,
    "throughput" : 5.577244841048522,
    "receivedKBytesPerSec" : 608.6658620329058,
    "sentKBytesPerSec" : 0.9967146542108198
  },
  "Item Details" : {
    "transaction" : "Item Details",
    "sampleCount" : 100,
    "errorCount" : 0,
    "errorPct" : 0.0,
    "meanResTime" : 7497.410000000002,
    "minResTime" : 4108.0,
    "maxResTime" : 15645.0,
    "pct1ResTime" : 10166.300000000001,
    "pct2ResTime" : 13001.49999999999,
    "pct3ResTime" : 15636.009999999995,
    "throughput" : 3.73943609303717,
    "receivedKBytesPerSec" : 820.1123817403335,
    "sentKBytesPerSec" : 0.8727785412459801
  },
  "View Items" : {
    "transaction" : "View Items",
    "sampleCount" : 100,
    "errorCount" : 0,
    "errorPct" : 0.0,
    "meanResTime" : 5418.580000000001,
    "minResTime" : 2697.0,
    "maxResTime" : 11379.0,
    "pct1ResTime" : 7862.700000000001,
    "pct2ResTime" : 9513.149999999992,
    "pct3ResTime" : 11369.109999999995,
    "throughput" : 4.386349679796473,
    "receivedKBytesPerSec" : 613.8233754057374,
    "sentKBytesPerSec" : 1.0109165277655936
  },
  "Compare Item" : {
    "transaction" : "Compare Item",
    "sampleCount" : 100,
    "errorCount" : 0,
    "errorPct" : 0.0,
    "meanResTime" : 3764.3600000000006,
    "minResTime" : 2190.0,
    "maxResTime" : 8740.0,
    "pct1ResTime" : 6307.500000000001,
    "pct2ResTime" : 6718.749999999999,
    "pct3ResTime" : 8730.539999999995,
    "throughput" : 3.851486673856108,
    "receivedKBytesPerSec" : 439.2199295177939,
    "sentKBytesPerSec" : 0.9628716684640272
  }
}