{
  "Total" : {
    "transaction" : "Total",
    "sampleCount" : 400,
    "errorCount" : 0,
    "errorPct" : 0.0,
    "meanResTime" : 3659.879999999998,
    "minResTime" : 1495.0,
    "maxResTime" : 7073.0,
    "pct1ResTime" : 5387.100000000001,
    "pct2ResTime" : 5860.0,
    "pct3ResTime" : 6595.490000000001,
    "throughput" : 16.55560614212988,
    "receivedKBytesPerSec" : 2410.607002245354,
    "sentKBytesPerSec" : 3.6942929721451923
  },
  "Category Drill down" : {
    "transaction" : "Category Drill down",
    "sampleCount" : 100,
    "errorCount" : 0,
    "errorPct" : 0.0,
    "meanResTime" : 2357.3499999999995,
    "minResTime" : 1495.0,
    "maxResTime" : 4601.0,
    "pct1ResTime" : 3042.8,
    "pct2ResTime" : 3271.25,
    "pct3ResTime" : 4592.299999999996,
    "throughput" : 7.526719855486978,
    "receivedKBytesPerSec" : 821.4194570412465,
    "sentKBytesPerSec" : 1.3451071616739425
  },
  "Item Details" : {
    "transaction" : "Item Details",
    "sampleCount" : 100,
    "errorCount" : 0,
    "errorPct" : 0.0,
    "meanResTime" : 5190.8899999999985,
    "minResTime" : 3783.0,
    "maxResTime" : 7073.0,
    "pct1ResTime" : 6123.9,
    "pct2ResTime" : 6314.549999999999,
    "pct3ResTime" : 7068.569999999998,
    "throughput" : 5.600044800358403,
    "receivedKBytesPerSec" : 1228.170762866103,
    "sentKBytesPerSec" : 1.3070417063336508
  },
  "View Items" : {
    "transaction" : "View Items",
    "sampleCount" : 100,
    "errorCount" : 0,
    "errorPct" : 0.0,
    "meanResTime" : 4154.28,
    "minResTime" : 2449.0,
    "maxResTime" : 6711.0,
    "pct1ResTime" : 5270.1,
    "pct2ResTime" : 5413.799999999999,
    "pct3ResTime" : 6701.609999999995,
    "throughput" : 6.309148264984227,
    "receivedKBytesPerSec" : 882.8987578864353,
    "sentKBytesPerSec" : 1.4540615141955837
  },
  "Compare Item" : {
    "transaction" : "Compare Item",
    "sampleCount" : 100,
    "errorCount" : 0,
    "errorPct" : 0.0,
    "meanResTime" : 2936.9999999999995,
    "minResTime" : 1841.0,
    "maxResTime" : 4689.0,
    "pct1ResTime" : 3890.7000000000003,
    "pct2ResTime" : 4041.2999999999997,
    "pct3ResTime" : 4686.749999999999,
    "throughput" : 6.837606837606837,
    "receivedKBytesPerSec" : 779.7542735042736,
    "sentKBytesPerSec" : 1.7094017094017093
  }
}