{
  "Total" : {
    "transaction" : "Total",
    "sampleCount" : 400,
    "errorCount" : 0,
    "errorPct" : 0.0,
    "meanResTime" : 2135.5775000000003,
    "minResTime" : 1484.0,
    "maxResTime" : 3598.0,
    "pct1ResTime" : 3013.8000000000006,
    "pct2ResTime" : 3174.8,
    "pct3ResTime" : 3498.6600000000003,
    "throughput" : 4.292444225052851,
    "receivedKBytesPerSec" : 625.0085932721303,
    "sentKBytesPerSec" : 0.9578354545161879
  },
  "Category Drill down" : {
    "transaction" : "Category Drill down",
    "sampleCount" : 100,
    "errorCount" : 0,
    "errorPct" : 0.0,
    "meanResTime" : 1624.9800000000002,
    "minResTime" : 1484.0,
    "maxResTime" : 2254.0,
    "pct1ResTime" : 1788.4,
    "pct2ResTime" : 1937.2499999999998,
    "pct3ResTime" : 2253.7999999999997,
    "throughput" : 1.1515298073490632,
    "receivedKBytesPerSec" : 125.67081109441393,
    "sentKBytesPerSec" : 0.2057909714305455
  },
  "Item Details" : {
    "transaction" : "Item Details",
    "sampleCount" : 100,
    "errorCount" : 0,
    "errorPct" : 0.0,
    "meanResTime" : 2963.6800000000003,
    "minResTime" : 2642.0,
    "maxResTime" : 3598.0,
    "pct1ResTime" : 3293.5,
    "pct2ResTime" : 3453.3999999999996,
    "pct3ResTime" : 3597.5099999999998,
    "throughput" : 1.1660311796737446,
    "receivedKBytesPerSec" : 255.7274904968459,
    "sentKBytesPerSec" : 0.2721498554121337
  },
  "View Items" : {
    "transaction" : "View Items",
    "sampleCount" : 100,
    "errorCount" : 0,
    "errorPct" : 0.0,
    "meanResTime" : 1973.97,
    "minResTime" : 1725.0,
    "maxResTime" : 3499.0,
    "pct1ResTime" : 2311.4,
    "pct2ResTime" : 2487.35,
    "pct3ResTime" : 3496.0599999999986,
    "throughput" : 1.1581312394320524,
    "receivedKBytesPerSec" : 162.06825229309985,
    "sentKBytesPerSec" : 0.26691305908785584
  },
  "Compare Item" : {
    "transaction" : "Compare Item",
    "sampleCount" : 100,
    "errorCount" : 0,
    "errorPct" : 0.0,
    "meanResTime" : 1979.6800000000003,
    "minResTime" : 1825.0,
    "maxResTime" : 2631.0,
    "pct1ResTime" : 2127.3,
    "pct2ResTime" : 2277.4499999999994,
    "pct3ResTime" : 2630.41,
    "throughput" : 1.1876343511359722,
    "receivedKBytesPerSec" : 135.4367079963421,
    "sentKBytesPerSec" : 0.2969085877839931
  }
}