{
  "Total" : {
    "transaction" : "Total",
    "sampleCount" : 400,
    "errorCount" : 0,
    "errorPct" : 0.0,
    "meanResTime" : 2440.4124999999995,
    "minResTime" : 1834.0,
    "maxResTime" : 3937.0,
    "pct1ResTime" : 3483.8,
    "pct2ResTime" : 3553.5,
    "pct3ResTime" : 3742.83,
    "throughput" : 3.7952824638973754,
    "receivedKBytesPerSec" : 552.6185151075962,
    "sentKBytesPerSec" : 0.8468965263677248
  },
  "Category Drill down" : {
    "transaction" : "Category Drill down",
    "sampleCount" : 100,
    "errorCount" : 0,
    "errorPct" : 0.0,
    "meanResTime" : 1943.22,
    "minResTime" : 1834.0,
    "maxResTime" : 2843.0,
    "pct1ResTime" : 1985.9,
    "pct2ResTime" : 2054.35,
    "pct3ResTime" : 2841.6999999999994,
    "throughput" : 1.026114617002719,
    "receivedKBytesPerSec" : 111.98377616592273,
    "sentKBytesPerSec" : 0.1833779051870094
  },
  "Item Details" : {
    "transaction" : "Item Details",
    "sampleCount" : 100,
    "errorCount" : 0,
    "errorPct" : 0.0,
    "meanResTime" : 3474.619999999998,
    "minResTime" : 3178.0,
    "maxResTime" : 3937.0,
    "pct1ResTime" : 3584.2,
    "pct2ResTime" : 3715.4999999999995,
    "pct3ResTime" : 3935.2799999999993,
    "throughput" : 1.0355075540276064,
    "receivedKBytesPerSec" : 227.10177291837095,
    "sentKBytesPerSec" : 0.24168584512949023
  },
  "View Items" : {
    "transaction" : "View Items",
    "sampleCount" : 100,
    "errorCount" : 0,
    "errorPct" : 0.0,
    "meanResTime" : 2078.6599999999994,
    "minResTime" : 1841.0,
    "maxResTime" : 3801.0,
    "pct1ResTime" : 2186.2,
    "pct2ResTime" : 2612.0499999999997,
    "pct3ResTime" : 3798.639999999999,
    "throughput" : 1.0346290337599453,
    "receivedKBytesPerSec" : 144.7854211716139,
    "sentKBytesPerSec" : 0.2384496601243624
  },
  "Compare Item" : {
    "transaction" : "Compare Item",
    "sampleCount" : 100,
    "errorCount" : 0,
    "errorPct" : 0.0,
    "meanResTime" : 2265.150000000001,
    "minResTime" : 2111.0,
    "maxResTime" : 2762.0,
    "pct1ResTime" : 2333.9,
    "pct2ResTime" : 2389.25,
    "pct3ResTime" : 2760.369999999999,
    "throughput" : 1.0532968190436063,
    "receivedKBytesPerSec" : 120.11698177796504,
    "sentKBytesPerSec" : 0.2633242047609016
  }
}