{
  "Total" : {
    "transaction" : "Total",
    "sampleCount" : 400,
    "errorCount" : 0,
    "errorPct" : 0.0,
    "meanResTime" : 3658.277499999999,
    "minResTime" : 1639.0,
    "maxResTime" : 7647.0,
    "pct1ResTime" : 5753.700000000001,
    "pct2ResTime" : 6395.45,
    "pct3ResTime" : 7254.82,
    "throughput" : 16.00768368817032,
    "receivedKBytesPerSec" : 2330.8258276472707,
    "sentKBytesPerSec" : 3.572027072995038
  },
  "Category Drill down" : {
    "transaction" : "Category Drill down",
    "sampleCount" : 100,
    "errorCount" : 0,
    "errorPct" : 0.0,
    "meanResTime" : 2366.99,
    "minResTime" : 1639.0,
    "maxResTime" : 4646.0,
    "pct1ResTime" : 3241.0000000000005,
    "pct2ResTime" : 3728.999999999999,
    "pct3ResTime" : 4641.7599999999975,
    "throughput" : 7.237461098646595,
    "receivedKBytesPerSec" : 789.851552887747,
    "sentKBytesPerSec" : 1.293413458058913
  },
  "Item Details" : {
    "transaction" : "Item Details",
    "sampleCount" : 100,
    "errorCount" : 0,
    "errorPct" : 0.0,
    "meanResTime" : 5282.069999999998,
    "minResTime" : 3416.0,
    "maxResTime" : 7647.0,
    "pct1ResTime" : 6901.3,
    "pct2ResTime" : 7231.549999999998,
    "pct3ResTime" : 7646.86,
    "throughput" : 5.56266340323747,
    "receivedKBytesPerSec" : 1219.972482199477,
    "sentKBytesPerSec" : 1.2983169466540578
  },
  "View Items" : {
    "transaction" : "View Items",
    "sampleCount" : 100,
    "errorCount" : 0,
    "errorPct" : 0.0,
    "meanResTime" : 3957.5699999999997,
    "minResTime" : 2189.0,
    "maxResTime" : 6635.0,
    "pct1ResTime" : 5433.1,
    "pct2ResTime" : 5853.65,
    "pct3ResTime" : 6632.719999999998,
    "throughput" : 5.927682276229993,
    "receivedKBytesPerSec" : 829.5166160343805,
    "sentKBytesPerSec" : 1.3661455245998813
  },
  "Compare Item" : {
    "transaction" : "Compare Item",
    "sampleCount" : 100,
    "errorCount" : 0,
    "errorPct" : 0.0,
    "meanResTime" : 3026.4800000000005,
    "minResTime" : 1821.0,
    "maxResTime" : 5224.0,
    "pct1ResTime" : 4381.6,
    "pct2ResTime" : 4788.0999999999985,
    "pct3ResTime" : 5223.599999999999,
    "throughput" : 6.444544692917446,
    "receivedKBytesPerSec" : 734.9298350196559,
    "sentKBytesPerSec" : 1.6111361732293614
  }
}