{
  "Total" : {
    "transaction" : "Total",
    "sampleCount" : 400,
    "errorCount" : 0,
    "errorPct" : 0.0,
    "meanResTime" : 3044.0000000000036,
    "minResTime" : 1853.0,
    "maxResTime" : 5766.0,
    "pct1ResTime" : 4303.5,
    "pct2ResTime" : 4728.9,
    "pct3ResTime" : 5698.620000000001,
    "throughput" : 12.041301664709955,
    "receivedKBytesPerSec" : 1753.2940721048194,
    "sentKBytesPerSec" : 2.6869506156115475
  },
  "Category Drill down" : {
    "transaction" : "Category Drill down",
    "sampleCount" : 100,
    "errorCount" : 0,
    "errorPct" : 0.0,
    "meanResTime" : 2420.43,
    "minResTime" : 1853.0,
    "maxResTime" : 4575.0,
    "pct1ResTime" : 3704.8000000000034,
    "pct2ResTime" : 4426.299999999998,
    "pct3ResTime" : 4574.82,
    "throughput" : 4.062398440038999,
    "receivedKBytesPerSec" : 443.3449344430452,
    "sentKBytesPerSec" : 0.7259950337179071
  },
  "Item Details" : {
    "transaction" : "Item Details",
    "sampleCount" : 100,
    "errorCount" : 0,
    "errorPct" : 0.0,
    "meanResTime" : 3994.809999999999,
    "minResTime" : 3388.0,
    "maxResTime" : 5766.0,
    "pct1ResTime" : 4739.6,
    "pct2ResTime" : 5097.4,
    "pct3ResTime" : 5762.149999999998,
    "throughput" : 4.2927666881305,
    "receivedKBytesPerSec" : 941.465778600558,
    "sentKBytesPerSec" : 1.0019250375617084
  },
  "View Items" : {
    "transaction" : "View Items",
    "sampleCount" : 100,
    "errorCount" : 0,
    "errorPct" : 0.0,
    "meanResTime" : 3326.080000000001,
    "minResTime" : 2038.0,
    "maxResTime" : 5729.0,
    "pct1ResTime" : 4716.000000000001,
    "pct2ResTime" : 5526.699999999997,
    "pct3ResTime" : 5728.9,
    "throughput" : 4.071495460282562,
    "receivedKBytesPerSec" : 569.7628481128619,
    "sentKBytesPerSec" : 0.9383524693619967
  },
  "Compare Item" : {
    "transaction" : "Compare Item",
    "sampleCount" : 100,
    "errorCount" : 0,
    "errorPct" : 0.0,
    "meanResTime" : 2434.680000000001,
    "minResTime" : 2191.0,
    "maxResTime" : 3118.0,
    "pct1ResTime" : 2720.6000000000004,
    "pct2ResTime" : 2874.35,
    "pct3ResTime" : 3117.49,
    "throughput" : 4.570801718621446,
    "receivedKBytesPerSec" : 521.2499428649785,
    "sentKBytesPerSec" : 1.1427004296553616
  }
}