{
  "Total" : {
    "transaction" : "Total",
    "sampleCount" : 400,
    "errorCount" : 0,
    "errorPct" : 0.0,
    "meanResTime" : 2570.730000000001,
    "minResTime" : 1777.0,
    "maxResTime" : 6182.0,
    "pct1ResTime" : 3562.1000000000004,
    "pct2ResTime" : 3716.9,
    "pct3ResTime" : 5101.99,
    "throughput" : 3.49882789265596,
    "receivedKBytesPerSec" : 509.4527464158882,
    "sentKBytesPerSec" : 0.7807443100311395
  },
  "Category Drill down" : {
    "transaction" : "Category Drill down",
    "sampleCount" : 100,
    "errorCount" : 0,
    "errorPct" : 0.0,
    "meanResTime" : 2006.26,
    "minResTime" : 1777.0,
    "maxResTime" : 4170.0,
    "pct1ResTime" : 2070.0,
    "pct2ResTime" : 2726.849999999996,
    "pct3ResTime" : 4165.549999999997,
    "throughput" : 0.9535524596885697,
    "receivedKBytesPerSec" : 104.0647929956804,
    "sentKBytesPerSec" : 0.17041025402637527
  },
  "Item Details" : {
    "transaction" : "Item Details",
    "sampleCount" : 100,
    "errorCount" : 0,
    "errorPct" : 0.0,
    "meanResTime" : 3647.619999999999,
    "minResTime" : 3020.0,
    "maxResTime" : 6182.0,
    "pct1ResTime" : 4330.600000000002,
    "pct2ResTime" : 5083.849999999996,
    "pct3ResTime" : 6181.78,
    "throughput" : 0.947193937958797,
    "receivedKBytesPerSec" : 207.73332050674875,
    "sentKBytesPerSec" : 0.22107358512905517
  },
  "View Items" : {
    "transaction" : "View Items",
    "sampleCount" : 100,
    "errorCount" : 0,
    "errorPct" : 0.0,
    "meanResTime" : 2257.39,
    "minResTime" : 1869.0,
    "maxResTime" : 4747.0,
    "pct1ResTime" : 3020.6000000000013,
    "pct2ResTime" : 3685.4499999999994,
    "pct3ResTime" : 4741.479999999997,
    "throughput" : 0.9455281247340702,
    "receivedKBytesPerSec" : 132.31668868959258,
    "sentKBytesPerSec" : 0.21791468499730526
  },
  "Compare Item" : {
    "transaction" : "Compare Item",
    "sampleCount" : 100,
    "errorCount" : 0,
    "errorPct" : 0.0,
    "meanResTime" : 2371.6499999999996,
    "minResTime" : 2024.0,
    "maxResTime" : 3744.0,
    "pct1ResTime" : 2597.3000000000006,
    "pct2ResTime" : 3312.599999999997,
    "pct3ResTime" : 3742.7899999999995,
    "throughput" : 0.9575884093498933,
    "receivedKBytesPerSec" : 109.20248446312806,
    "sentKBytesPerSec" : 0.2393971023374733
  }
}