{
  "Total" : {
    "transaction" : "Total",
    "sampleCount" : 400,
    "errorCount" : 0,
    "errorPct" : 0.0,
    "meanResTime" : 2908.4775000000013,
    "minResTime" : 1667.0,
    "maxResTime" : 5289.0,
    "pct1ResTime" : 4125.0,
    "pct2ResTime" : 4494.299999999999,
    "pct3ResTime" : 5049.370000000001,
    "throughput" : 11.933174224343675,
    "receivedKBytesPerSec" : 1737.549993474045,
    "sentKBytesPerSec" : 2.6628225686157516
  },
  "Category Drill down" : {
    "transaction" : "Category Drill down",
    "sampleCount" : 100,
    "errorCount" : 0,
    "errorPct" : 0.0,
    "meanResTime" : 2271.5699999999993,
    "minResTime" : 1667.0,
    "maxResTime" : 4070.0,
    "pct1ResTime" : 3121.7000000000007,
    "pct2ResTime" : 3495.3499999999995,
    "pct3ResTime" : 4068.289999999999,
    "throughput" : 3.837887626650292,
    "receivedKBytesPerSec" : 418.84321869243166,
    "sentKBytesPerSec" : 0.6858724957783235
  },
  "Item Details" : {
    "transaction" : "Item Details",
    "sampleCount" : 100,
    "errorCount" : 0,
    "errorPct" : 0.0,
    "meanResTime" : 3914.0700000000006,
    "minResTime" : 2996.0,
    "maxResTime" : 5289.0,
    "pct1ResTime" : 4723.6,
    "pct2ResTime" : 4983.9,
    "pct3ResTime" : 5288.339999999999,
    "throughput" : 3.9384033712732855,
    "receivedKBytesPerSec" : 863.7487815564571,
    "sentKBytesPerSec" : 0.9192171930999173
  },
  "View Items" : {
    "transaction" : "View Items",
    "sampleCount" : 100,
    "errorCount" : 0,
    "errorPct" : 0.0,
    "meanResTime" : 3120.149999999999,
    "minResTime" : 1936.0,
    "maxResTime" : 4984.0,
    "pct1ResTime" : 3784.6,
    "pct2ResTime" : 4206.75,
    "pct3ResTime" : 4977.779999999997,
    "throughput" : 3.838771593090211,
    "receivedKBytesPerSec" : 537.1955974088291,
    "sentKBytesPerSec" : 0.8847168905950096
  },
  "Compare Item" : {
    "transaction" : "Compare Item",
    "sampleCount" : 100,
    "errorCount" : 0,
    "errorPct" : 0.0,
    "meanResTime" : 2328.119999999999,
    "minResTime" : 1855.0,
    "maxResTime" : 3613.0,
    "pct1ResTime" : 2923.7000000000003,
    "pct2ResTime" : 3045.45,
    "pct3ResTime" : 3610.1499999999987,
    "throughput" : 4.203446826397646,
    "receivedKBytesPerSec" : 479.35713535098785,
    "sentKBytesPerSec" : 1.0508617065994115
  }
}