{
  "Total" : {
    "transaction" : "Total",
    "sampleCount" : 400,
    "errorCount" : 0,
    "errorPct" : 0.0,
    "meanResTime" : 3798.422500000001,
    "minResTime" : 1861.0,
    "maxResTime" : 9284.0,
    "pct1ResTime" : 5690.3,
    "pct2ResTime" : 6174.299999999999,
    "pct3ResTime" : 7396.79,
    "throughput" : 15.891934843067144,
    "receivedKBytesPerSec" : 2313.972021503774,
    "sentKBytesPerSec" : 3.5461983512117596
  },
  "Category Drill down" : {
    "transaction" : "Category Drill down",
    "sampleCount" : 100,
    "errorCount" : 0,
    "errorPct" : 0.0,
    "meanResTime" : 2715.7199999999993,
    "minResTime" : 1861.0,
    "maxResTime" : 4730.0,
    "pct1ResTime" : 3913.7000000000003,
    "pct2ResTime" : 4475.849999999999,
    "pct3ResTime" : 4728.709999999999,
    "throughput" : 7.051688879486637,
    "receivedKBytesPerSec" : 769.5775267082716,
    "sentKBytesPerSec" : 1.2602139306113815
  },
  "Item Details" : {
    "transaction" : "Item Details",
    "sampleCount" : 100,
    "errorCount" : 0,
    "errorPct" : 0.0,
    "meanResTime" : 5364.75,
    "minResTime" : 3769.0,
    "maxResTime" : 9284.0,
    "pct1ResTime" : 6782.7,
    "pct2ResTime" : 7366.599999999998,
    "pct3ResTime" : 9275.299999999996,
    "throughput" : 5.692167577413478,
    "receivedKBytesPerSec" : 1248.374619336293,
    "sentKBytesPerSec" : 1.3285430185564662
  },
  "View Items" : {
    "transaction" : "View Items",
    "sampleCount" : 100,
    "errorCount" : 0,
    "errorPct" : 0.0,
    "meanResTime" : 4157.209999999999,
    "minResTime" : 2366.0,
    "maxResTime" : 7302.0,
    "pct1ResTime" : 5493.5,
    "pct2ResTime" : 5941.149999999998,
    "pct3ResTime" : 7293.199999999995,
    "throughput" : 6.033546518643659,
    "receivedKBytesPerSec" : 844.3312002232411,
    "sentKBytesPerSec" : 1.3905439242186557
  },
  "Compare Item" : {
    "transaction" : "Compare Item",
    "sampleCount" : 100,
    "errorCount" : 0,
    "errorPct" : 0.0,
    "meanResTime" : 2956.010000000001,
    "minResTime" : 2150.0,
    "maxResTime" : 5322.0,
    "pct1ResTime" : 3946.0,
    "pct2ResTime" : 4453.199999999998,
    "pct3ResTime" : 5319.919999999999,
    "throughput" : 6.425496369594551,
    "receivedKBytesPerSec" : 732.7575820857161,
    "sentKBytesPerSec" : 1.6063740923986378
  }
}