{
  "Total" : {
    "transaction" : "Total",
    "sampleCount" : 400,
    "errorCount" : 0,
    "errorPct" : 0.0,
    "meanResTime" : 2909.532500000001,
    "minResTime" : 1838.0,
    "maxResTime" : 6391.0,
    "pct1ResTime" : 4048.5000000000005,
    "pct2ResTime" : 4295.7,
    "pct3ResTime" : 5407.380000000001,
    "throughput" : 12.454851164528584,
    "receivedKBytesPerSec" : 1813.5096456984058,
    "sentKBytesPerSec" : 2.7792319248972475
  },
  "Category Drill down" : {
    "transaction" : "Category Drill down",
    "sampleCount" : 100,
    "errorCount" : 0,
    "errorPct" : 0.0,
    "meanResTime" : 2189.17,
    "minResTime" : 1838.0,
    "maxResTime" : 3302.0,
    "pct1ResTime" : 2679.4,
    "pct2ResTime" : 2829.6999999999994,
    "pct3ResTime" : 3301.1099999999997,
    "throughput" : 4.224221687154142,
    "receivedKBytesPerSec" : 461.005318559118,
    "sentKBytesPerSec" : 0.7549146179191485
  },
  "Item Details" : {
    "transaction" : "Item Details",
    "sampleCount" : 100,
    "errorCount" : 0,
    "errorPct" : 0.0,
    "meanResTime" : 3920.799999999999,
    "minResTime" : 3411.0,
    "maxResTime" : 4879.0,
    "pct1ResTime" : 4337.400000000001,
    "pct2ResTime" : 4398.4,
    "pct3ResTime" : 4878.42,
    "throughput" : 4.495796430337634,
    "receivedKBytesPerSec" : 985.9931354808255,
    "sentKBytesPerSec" : 1.0493118621588815
  },
  "View Items" : {
    "transaction" : "View Items",
    "sampleCount" : 100,
    "errorCount" : 0,
    "errorPct" : 0.0,
    "meanResTime" : 3119.9800000000014,
    "minResTime" : 2156.0,
    "maxResTime" : 6391.0,
    "pct1ResTime" : 4154.800000000001,
    "pct2ResTime" : 5334.249999999997,
    "pct3ResTime" : 6390.339999999999,
    "throughput" : 4.2394437849754105,
    "receivedKBytesPerSec" : 593.2654448236391,
    "sentKBytesPerSec" : 0.9770593098185517
  },
  "Compare Item" : {
    "transaction" : "Compare Item",
    "sampleCount" : 100,
    "errorCount" : 0,
    "errorPct" : 0.0,
    "meanResTime" : 2408.1800000000003,
    "minResTime" : 2174.0,
    "maxResTime" : 3061.0,
    "pct1ResTime" : 2610.5000000000005,
    "pct2ResTime" : 2851.3999999999987,
    "pct3ResTime" : 3060.43,
    "throughput" : 4.943153732081068,
    "receivedKBytesPerSec" : 563.7126173999011,
    "sentKBytesPerSec" : 1.2357884330202669
  }
}