{
  "Total" : {
    "transaction" : "Total",
    "sampleCount" : 400,
    "errorCount" : 0,
    "errorPct" : 0.0,
    "meanResTime" : 2632.3000000000006,
    "minResTime" : 1863.0,
    "maxResTime" : 4964.0,
    "pct1ResTime" : 3775.8,
    "pct2ResTime" : 3990.8499999999995,
    "pct3ResTime" : 4249.98,
    "throughput" : 3.4207915711695684,
    "receivedKBytesPerSec" : 498.0901359871549,
    "sentKBytesPerSec" : 0.7633309316525844
  },
  "Category Drill down" : {
    "transaction" : "Category Drill down",
    "sampleCount" : 100,
    "errorCount" : 0,
    "errorPct" : 0.0,
    "meanResTime" : 2002.4500000000005,
    "minResTime" : 1863.0,
    "maxResTime" : 2420.0,
    "pct1ResTime" : 2200.6,
    "pct2ResTime" : 2303.35,
    "pct3ResTime" : 2419.47,
    "throughput" : 0.9263805385976452,
    "receivedKBytesPerSec" : 101.09941829092054,
    "sentKBytesPerSec" : 0.1655543345345401
  },
  "Item Details" : {
    "transaction" : "Item Details",
    "sampleCount" : 100,
    "errorCount" : 0,
    "errorPct" : 0.0,
    "meanResTime" : 3741.4200000000005,
    "minResTime" : 3377.0,
    "maxResTime" : 4964.0,
    "pct1ResTime" : 4134.6,
    "pct2ResTime" : 4248.0,
    "pct3ResTime" : 4958.159999999997,
    "throughput" : 0.9146369348687039,
    "receivedKBytesPerSec" : 200.59309917865605,
    "sentKBytesPerSec" : 0.21347483147814475
  },
  "View Items" : {
    "transaction" : "View Items",
    "sampleCount" : 100,
    "errorCount" : 0,
    "errorPct" : 0.0,
    "meanResTime" : 2383.719999999999,
    "minResTime" : 1942.0,
    "maxResTime" : 3170.0,
    "pct1ResTime" : 2859.8,
    "pct2ResTime" : 3020.75,
    "pct3ResTime" : 3169.22,
    "throughput" : 0.9261231558572659,
    "receivedKBytesPerSec" : 129.60116795706492,
    "sentKBytesPerSec" : 0.21344244607647925
  },
  "Compare Item" : {
    "transaction" : "Compare Item",
    "sampleCount" : 100,
    "errorCount" : 0,
    "errorPct" : 0.0,
    "meanResTime" : 2401.610000000001,
    "minResTime" : 2164.0,
    "maxResTime" : 2824.0,
    "pct1ResTime" : 2600.9,
    "pct2ResTime" : 2632.35,
    "pct3ResTime" : 2823.1299999999997,
    "throughput" : 0.9246844514309492,
    "receivedKBytesPerSec" : 105.45014794951223,
    "sentKBytesPerSec" : 0.2311711128577373
  }
}